Workbook
Name Week1: #REF!

Sheet Overview
A1: Hertz RPA Team - Leave Overview (2026)
A2: Employee | B2: Mar | D2: April | F2: May | H2: June | J2: July | L2: Aug | N2: Sep | P2: Oct | R2: Nov | T2: Dec | V2: YTD Planned | W2: YTD Sick
A3: Column1 | B3: Column2 | C3: Column3 | D3: Column4 | E3: Column5 | F3: Column6 | G3: Column7 | H3: Column8 | I3: Column9 | J3: Column10 | K3: Column11 | L3: Column12 | M3: Column13 | N3: Column14 | O3: Column15 | P3: Column16 | Q3: Column17 | R3: Column18 | S3: Column19 | T3: Column20 | U3: Column21 | V3: Column22 | W3: Column23
B4: Planned | C4: Sick | D4: Planned | E4: Sick | F4: Planned | G4: Sick | H4: Planned | I4: Sick | J4: Planned | K4: Sick | L4: Planned | M4: Sick | N4: Planned | O4: Sick | P4: Planned | Q4: Sick | R4: Planned | S4: Sick | T4: Planned | U4: Sick
A5: Ramanjnneyulu P | B5: ='Mar-2026'!AG6 -> 1 | C5: ='Mar-2026'!AH6 -> 0 | D5: ='April-2026'!AG5 -> 2 | E5: ='April-2026'!AH5 -> 0 | F5: ='May-2026'!AG3 -> 0 | G5: ='May-2026'!AH3 -> 0 | H5: ='June-2026'!AG3 -> 0 | I5: ='June-2026'!AH3 -> 0 | J5: ='July-2026'!AF6 -> 0 | K5: ='July-2026'!AG6 -> 0 | L5: ='Aug-2026'!AG6 -> 2 | M5: ='Aug-2026'!AH6 -> 1 | N5: ='Sep-2026'!AG6 -> 0 | O5: ='Sep-2026'!AH6 -> 0 | P5: ='Oct-2026'!AG6 -> 3 | Q5: ='Oct-2026'!AH6 -> 0 | R5: ='Nov-2026'!AG6 -> 7 | S5: ='Nov-2026'!AH6 -> 0 | T5: ='Dec-2026'!AG6 -> 0 | U5: ='Dec-2026'!AH6 -> 0 | V5: =SUM(B5,D5,F5,H5,J5,L5,N5,P5,R5,T5) -> 15 | W5: =SUM(C5,E5,G5,I5,K5,M5,O5,Q5,S5,U5) -> 1
A6: Reshma G | B6: ='Mar-2026'!AG7 -> 0 | C6: ='Mar-2026'!AH7 -> 0 | D6: ='April-2026'!AG6 -> 0 | E6: ='April-2026'!AH6 -> 0 | F6: ='May-2026'!AG4 -> 0 | G6: ='May-2026'!AH4 -> 0 | H6: ='June-2026'!AG4 -> 0 | I6: ='June-2026'!AH4 -> 0 | J6: ='July-2026'!AF7 -> 0 | K6: ='July-2026'!AG7 -> 0 | L6: ='Aug-2026'!AG7 -> 3 | M6: ='Aug-2026'!AH7 -> 0 | N6: ='Sep-2026'!AG7 -> 0 | O6: ='Sep-2026'!AH7 -> 0 | P6: ='Oct-2026'!AG7 -> 3 | Q6: ='Oct-2026'!AH7 -> 0 | R6: ='Nov-2026'!AG7 -> 0 | S6: ='Nov-2026'!AH7 -> 0 | T6: ='Dec-2026'!AG7 -> 3 | U6: ='Dec-2026'!AH7 -> 0 | V6: =SUM(B6,D6,F6,H6,J6,L6,N6,P6,R6,T6) -> 9 | W6: =SUM(C6,E6,G6,I6,K6,M6,O6,Q6,S6,U6) -> 0
A7: Akash | B7: ='Mar-2026'!AG8 -> 0 | C7: ='Mar-2026'!AH8 -> 2 | D7: ='April-2026'!AG7 -> 0 | E7: ='April-2026'!AH7 -> 0 | F7: ='May-2026'!AG5 -> 0 | G7: ='May-2026'!AH5 -> 0 | H7: ='June-2026'!AG5 -> 0 | I7: ='June-2026'!AH5 -> 0 | J7: ='July-2026'!AF8 -> 0 | K7: ='July-2026'!AG8 -> 0 | L7: ='Aug-2026'!AG8 -> 2 | M7: ='Aug-2026'!AH8 -> 1 | N7: ='Sep-2026'!AG8 -> 0 | O7: ='Sep-2026'!AH8 -> 0 | P7: ='Oct-2026'!AG8 -> 2 | Q7: ='Oct-2026'!AH8 -> 0 | R7: ='Nov-2026'!AG8 -> 0 | S7: ='Nov-2026'!AH8 -> 0 | T7: ='Dec-2026'!AG8 -> 6 | U7: ='Dec-2026'!AH8 -> 0 | V7: =SUM(B7,D7,F7,H7,J7,L7,N7,P7,R7,T7) -> 10 | W7: =SUM(C7,E7,G7,I7,K7,M7,O7,Q7,S7,U7) -> 3
A8: Siddharth | B8: ='Mar-2026'!AG9 -> 0 | C8: ='Mar-2026'!AH9 -> 0 | D8: ='April-2026'!AG8 -> 0 | E8: ='April-2026'!AH8 -> 0 | F8: ='May-2026'!AG6 -> 0 | G8: ='May-2026'!AH6 -> 0 | H8: ='June-2026'!AG6 -> 0 | I8: ='June-2026'!AH6 -> 0 | J8: ='July-2026'!AF9 -> 0 | K8: ='July-2026'!AG9 -> 0 | L8: ='Aug-2026'!AG9 -> 1 | M8: ='Aug-2026'!AH9 -> 0 | N8: ='Sep-2026'!AG9 -> 0 | O8: ='Sep-2026'!AH9 -> 0 | P8: ='Oct-2026'!AG9 -> 1 | Q8: ='Oct-2026'!AH9 -> 0 | R8: ='Nov-2026'!AG9 -> 0 | S8: ='Nov-2026'!AH9 -> 0 | T8: ='Dec-2026'!AG9 -> 0 | U8: ='Dec-2026'!AH9 -> 0 | V8: =SUM(B8,D8,F8,H8,J8,L8,N8,P8,R8,T8) -> 2 | W8: =SUM(C8,E8,G8,I8,K8,M8,O8,Q8,S8,U8) -> 0
A9: Total | B9: =SUM(B5:B8) -> 1 | C9: =SUM(C5:C8) -> 2 | D9: =SUM(D5:D8) -> 2 | E9: =SUM(E5:E8) -> 0 | F9: =SUM(F5:F8) -> 0 | G9: =SUM(G5:G8) -> 0 | H9: =SUM(H5:H8) -> 0 | I9: =SUM(I5:I8) -> 0 | ... U9: =SUM(U5:U8) -> 0 | V9: =SUM(B9,D9,F9,H9,J9,L9,N9,P9,R9,T9) -> 36 | W9: =SUM(C9,E9,G9,I9,K9,M9,O9,Q9,S9,U9) -> 4
A10: Month on Month | B10: =SUM(B9:C9) -> 3 | D10: =SUM(D9:E9) -> 2 | F10: =SUM(F9:G9) -> 0 | H10: =SUM(H9:I9) -> 0 | J10: =SUM(J9:K9) -> 0 | L10: =SUM(L9:M9) -> 10 | N10: =SUM(N9:O9) -> 0 | P10: =SUM(P9:Q9) -> 9 | R10: =SUM(R9:S9) -> 7 | T10: =SUM(T9:U9) -> 9

Sheet Mar-2026
A1: Leave Plan worksheet - March 2026
A3: Hertz | B3: Sun | C3: Mon | D3: Tue | E3: Wed | F3: Thu | G3: Fri | H3: Sat | I3: Sun | J3: Mon | K3: Tue | L3: Wed | M3: Thu | N3: Fri | O3: Sat | P3: Sun | Q3: Mon | R3: Tue | S3: Wed | T3: Thu | U3: Fri | V3: Sat | W3: Sun | X3: Mon | Y3: Tue | Z3: Wed | AA3: Thu | AB3: Fri | AC3: Sat | AD3: Sun | AE3: Mon | AF3: Tue | AG3: Total Planned Leave Days | AH3: Total Sick Leave Days
A4: Hertz | B4: Sat | C4: Mon | D4: Tue | E4: Wed | F4: Thu | G4: Fri | H4: Sat2 | I4: Sun2 | J4: Mon2 | K4: Tue3 | L4: Wed4 | M4: Thu5 | N4: Fri6 | O4: Sat8 | P4: Sun9 | Q4: Mon10 | R4: Tue11 | S4: Wed12 | T4: Thu2 | U4: Fri14 | V4: Sat15 | W4: Sun16 | X4: Mon17 | Y4: Tue18 | Z4: Wed19 | AA4: Thu20 | AB4: Fri21 | AC4: Sat22 | AD4: Sun23 | AE4: Mon24 | AF4: Tue25 | AG4: Total Planned Leave Days | AH4: Total Sick Leave Days
B5: 1 | C5: 2 | D5: 3 | E5: 4 | F5: 5 | G5: 6 | H5: 7 | I5: 8 | J5: 9 | K5: 10 | L5: 11 | M5: 12 | N5: 13 | O5: 14 | P5: 15 | Q5: 16 | R5: 17 | S5: 18 | T5: 19 | U5: 20 | V5: 21 | W5: 22 | X5: 23 | Y5: 24 | Z5: 25 | AA5: 26 | AB5: 27 | AC5: 28 | AD5: 29 | AE5: 30 | AF5: 31
A6: Ramanjnneyulu P | T6: H | U6: P | AG6: =COUNTIF(B6:AF6,"P") -> 1 | AH6: =COUNTIF(B6:AF6,"S") -> 0
A7: Reshma G | T7: H | AG7: =COUNTIF(B7:AF7,"P") -> 0 | AH7: =COUNTIF(B7:AF7,"S") -> 0
A8: Akash | F8: S | G8: S | T8: H | AG8: =COUNTIF(B8:AF8,"P") -> 0 | AH8: =COUNTIF(B8:AF8,"S") -> 2
A9: Siddharth | T9: H | AG9: =COUNTIF(B9:AF9,"P") -> 0 | AH9: =COUNTIF(B9:AF9,"S") -> 0
A11: Absence type | B11: Code
A14: Planned Leave | B14: P
A15: Sickness Leave | B15: S
A16: Holiday | B16: H

Sheet April-2026
A1: Leave Plan worksheet - April 2026
A3: Hertz | B3: Wed | C3: Thu | D3: Fri | E3: Sat | F3: Sun | G3: Mon | H3: Tue | I3: Wed2 | J3: Thu3 | K3: Fri4 | L3: Sat5 | M3: Sun6 | N3: Mon7 | O3: Tue8 | P3: Wed9 | Q3: Thu10 | R3: Fri11 | S3: Sat12 | T3: Sun13 | U3: Mon14 | V3: Tue15 | W3: Wed16 | X3: Thu17 | Y3: Fri18 | Z3: Sat19 | AA3: Sun20 | AB3: Mon21 | AC3: Tue22 | AD3: Wed23 | AE3: Thu24 | AF3: Total Planned Leave Days | AG3: Total Sick Leave Days
B4: 1 | C4: 2 | D4: 3 | E4: 4 | F4: 5 | G4: 6 | H4: 7 | I4: 8 | J4: 9 | K4: 10 | L4: 11 | M4: 12 | N4: 13 | O4: 14 | P4: 15 | Q4: 16 | R4: 17 | S4: 18 | T4: 19 | U4: 20 | V4: 21 | W4: 22 | X4: 23 | Y4: 24 | Z4: 25 | AA4: 26 | AB4: 27 | AC4: 28 | AD4: 29 | AE4: 30
A5: Ramanjnneyulu P | B5: P | C5: P | D5: H | AF5: =(COUNTIF(B5:AC5,"P")) -> 2 | AG5: =COUNTIF(B5:AF5,"P") -> 2 | AH5: =COUNTIF(B5:AF5,"S") -> 0
A6: Reshma G | D6: H | AF6: =(COUNTIF(B6:AC6,"P")) -> 0 | AG6: =COUNTIF(B6:AF6,"P") -> 0 | AH6: =COUNTIF(B6:AF6,"S") -> 0
A7: Akash | D7: H | AF7: =(COUNTIF(B7:AC7,"P")) -> 0 | AG7: =COUNTIF(B7:AF7,"P") -> 0 | AH7: =COUNTIF(B7:AF7,"S") -> 0
A8: Siddharth | D8: H | AF8: =(COUNTIF(B8:AC8,"P")) -> 0 | AG8: =COUNTIF(B8:AF8,"P") -> 0 | AH8: =COUNTIF(B8:AF8,"S") -> 0
A10: Absence type | B10: Code
A13: Planned Leave | B13: P
A14: Sickness Leave | B14: S
A15: Holiday | B15: H

Sheet May-2026
A1: Hertz | B1: Fri | C1: Sat | D1: Sun | E1: Mon | F1: Tue | G1: Wed | H1: Thu | I1: Fri2 | J1: Sat3 | K1: Sun4 | L1: Mon5 | M1: Tue6 | N1: Wed7 | O1: Thu8 | P1: Fri9 | Q1: Sat10 | R1: Sun11 | S1: Mon12 | T1: Tue13 | U1: Wed14 | V1: Thu15 | W1: Fri16 | X1: Sat17 | Y1: Sun18 | Z1: Mon19 | AA1: Tue20 | AB1: Wed21 | AC1: Thu22 | AD1: Fri23 | AE1: Sat24 | AF1: Sun25 | AG1: Total Planned Leave Days | AH1: Total Sick Leave Days
B2: 1 | C2: 2 | D2: 3 | E2: 4 | F2: 5 | G2: 6 | H2: 7 | I2: 8 | J2: 9 | K2: 10 | L2: 11 | M2: 12 | N2: 13 | O2: 14 | P2: 15 | Q2: 16 | R2: 17 | S2: 18 | T2: 19 | U2: 20 | V2: 21 | W2: 22 | X2: 23 | Y2: 24 | Z2: 25 | AA2: 26 | AB2: 27 | AC2: 28 | AD2: 29 | AE2: 30 | AF2: 31
A3: Ramanjnneyulu P | B3: H | AB3: H | AG3: =COUNTIF(B3:AF3,"P") -> 0 | AH3: =COUNTIF(B3:AF3,"S") -> 0
A4: Reshma G | B4: H | AB4: H | AG4: =COUNTIF(B4:AF4,"P") -> 0 | AH4: =COUNTIF(B4:AF4,"S") -> 0
A5: Akash | B5: H | AB5: H | AG5: =COUNTIF(B5:AF5,"P") -> 0 | AH5: =COUNTIF(B5:AF5,"S") -> 0
A6: Siddharth | B6: H | AB6: H | AG6: =COUNTIF(B6:AF6,"P") -> 0 | AH6: =COUNTIF(B6:AF6,"S") -> 0
A8: Absence type | B8: Code
A11: Planned Leave | B11: P
A12: Sickness Leave | B12: S
A13: Holiday | B13: H

Sheet June-2026
A1: Hertz | B1: Mon | C1: Tue | D1: Wed | E1: Thu | F1: Fri | G1: Sat | H1: Sun | I1: Mon2 | J1: Tue3 | K1: Wed4 | L1: Thu5 | M1: Fri6 | N1: Sat7 | O1: Sun8 | P1: Mon9 | Q1: Tue10 | R1: Wed11 | S1: Thu12 | T1: Fri13 | U1: Sat14 | V1: Sun15 | W1: Mon16 | X1: Tue17 | Y1: Wed18 | Z1: Thu19 | AA1: Fri20 | AB1: Sat21 | AC1: Sun22 | AD1: Mon23 | AE1: Tue24 | AF1: Total Planned Leave Days | AG1: Total Sick Leave Days
B2: 1 | C2: 2 | D2: 3 | E2: 4 | F2: 5 | G2: 6 | H2: 7 | I2: 8 | J2: 9 | K2: 10 | L2: 11 | M2: 12 | N2: 13 | O2: 14 | P2: 15 | Q2: 16 | R2: 17 | S2: 18 | T2: 19 | U2: 20 | V2: 21 | W2: 22 | X2: 23 | Y2: 24 | Z2: 25 | AA2: 26 | AB2: 27 | AC2: 28 | AD2: 29 | AE2: 30
A3: Ramanjnneyulu P | AF3: =(COUNTIF(B3:AC3,"P")) -> 0 | AG3: =COUNTIF(B3:AF3,"P") -> 0 | AH3: =COUNTIF(B3:AF3,"S") -> 0
A4: Reshma G | AF4: =(COUNTIF(B4:AC4,"P")) -> 0 | AG4: =COUNTIF(B4:AF4,"P") -> 0 | AH4: =COUNTIF(B4:AF4,"S") -> 0
A5: Akash | AF5: =(COUNTIF(B5:AC5,"P")) -> 0 | AG5: =COUNTIF(B5:AF5,"P") -> 0 | AH5: =COUNTIF(B5:AF5,"S") -> 0
A6: Siddharth | AF6: =(COUNTIF(B6:AC6,"P")) -> 0 | AG6: =COUNTIF(B6:AF6,"P") -> 0 | AH6: =COUNTIF(B6:AF6,"S") -> 0
A8: Absence type | B8: Code
A11: Planned Leave | B11: P
A12: Sickness Leave | B12: S
A13: Holiday | B13: H

Sheet July-2026
A1: Leave Plan worksheet - July 2026
A3: CSI | B3: Wed | C3: Thu | D3: Fri | E3: Sat | F3: Sun | G3: Mon | H3: Tue | I3: Wed | J3: Thu | K3: Fri | L3: Sat | M3: Sun | N3: Mon | O3: Tue | P3: Wed | Q3: Thu | R3: Fri | S3: Sat | T3: Sun | U3: Mon | V3: Tue | W3: Wed | X3: Thu | Y3: Fri | Z3: Sat | AA3: Sun | AB3: Mon | AC3: Tue | AD3: Wed | AE3: Thu | AF3: Fri | AG3: Total Planned Leave Days | AH3: Total Sick Leave Days
B4: 1 | C4: 2 | D4: 3 | E4: 4 | F4: 5 | G4: 6 | H4: 7 | I4: 8 | J4: 9 | K4: 10 | L4: 11 | M4: 12 | N4: 13 | O4: 14 | P4: 15 | Q4: 16 | R4: 17 | S4: 18 | T4: 19 | U4: 20 | V4: 21 | W4: 22 | X4: 23 | Y4: 24 | Z4: 25 | AA4: 26 | AB4: 27 | AC4: 28 | AD4: 29 | AE4: 30 | AF4: 31
A5: Team
A6: Ramanjneyulu P | AF6: =COUNTIF(B6:AE6,"P") -> 0 | AG6: =COUNTIF(B6:AE6,"S") -> 0 | AH6: =(COUNTIF(B6:AA6,"S")) -> 0
A7: Amit Arun Upwanshi | AG7: =(COUNTIF(B7:AA7,"P")) -> 0 | AH7: =(COUNTIF(B7:AA7,"S")) -> 0
A8: Rajesh G | AG8: =(COUNTIF(B8:AA8,"P")) -> 0 | AH8: =(COUNTIF(B8:AA8,"S")) -> 0
A9: Ashrith P | AG9: =(COUNTIF(B9:AA9,"P")) -> 0 | AH9: =(COUNTIF(B9:AA9,"S")) -> 0
A10: Lukas | AG10: =(COUNTIF(B10:AA10,"P")) -> 0 | AH10: =(COUNTIF(B10:AA10,"S")) -> 0
A12: Absence type | B12: Code
A15: Planned Leave | B15: P
A16: Sickness Leave | B16: S
A17: Holiday | B17: H

Sheet Aug-2026
A1: Leave Plan worksheet - August 2026
A3: CSI | B3: Sat | C3: Sun | D3: Mon | E3: Tue | F3: Wed | G3: Thu | H3: Fri | I3: Sat | J3: Sun | K3: Mon | L3: Tue | M3: Wed | N3: Thu | O3: Fri | P3: Sat | Q3: Sun | R3: Mon | S3: Tue | T3: Wed | U3: Thu | V3: Fri | W3: Sat | X3: Sun | Y3: Mon | Z3: Tue | AA3: Wed | AB3: Thu | AC3: Fri | AD3: Sat | AE3: Sun | AF3: Mon | AG3: Total Planned Leave Days | AH3: Total Sick Leave Days
B4: 1 | C4: 2 | D4: 3 | E4: 4 | F4: 5 | G4: 6 | H4: 7 | I4: 8 | J4: 9 | K4: 10 | L4: 11 | M4: 12 | N4: 13 | O4: 14 | P4: 15 | Q4: 16 | R4: 17 | S4: 18 | T4: 19 | U4: 20 | V4: 21 | W4: 22 | X4: 23 | Y4: 24 | Z4: 25 | AA4: 26 | AB4: 27 | AC4: 28 | AD4: 29 | AE4: 30 | AF4: 31
A5: Team
A6: Ramanjneyulu P | F6: S | O6: P | P6: H | S6: P | AB6: H | AG6: =COUNTIF(B6:AF6,"P") -> 2 | AH6: =COUNTIF(B6:AF6,"S") -> 1
A7: Amit Arun Upwanshi | I7: P | P7: H | AA7: P | AB7: H | AC7: P | AG7: =(COUNTIF(B7:AC7,"P")) -> 3 | AH7: =(COUNTIF(B7:AC7,"S")) -> 0
A8: Rajesh G | L8: S | P8: H | AB8: H | AC8: P | AD8: P | AG8: =(COUNTIF(B8:AD8,"P")) -> 2 | AH8: =(COUNTIF(B8:AC8,"S")) -> 1
A9: Ashrith P | P9: H | W9: P | AB9: H | AD9: P | AG9: =(COUNTIF(B9:AC9,"P")) -> 1 | AH9: =(COUNTIF(B9:AC9,"S")) -> 0
A10: Lukas | P10: H | S10: P | T10: P | U10: P | V10: P | W10: P | Z10: P | AA10: P | AB10: P | AC10: P | AD10: P | AG10: =(COUNTIF(B10:AC10,"P")) -> 9 | AH10: =(COUNTIF(B10:AC10,"S")) -> 0
A12: Absence type | B12: Code
A15: Planned Leave | B15: P
A16: Sickness Leave | B16: S
A17: Holiday | B17: H

Sheet Sep-2026
A1: Leave Plan worksheet - September 2026
A3: CSI | B3: Tue | C3: Wed | D3: Thu | E3: Fri | F3: Sat | G3: Sun | H3: Mon | I3: Tue | J3: Wed | K3: Thu | L3: Fri | M3: Sat | N3: Sun | O3: Mon | P3: Tue | Q3: Wed | R3: Thu | S3: Fri | T3: Sat | U3: Sun | V3: Mon | W3: Tue | X3: Wed | Y3: Thu | Z3: Fri | AA3: Sat | AB3: Sun | AC3: Mon | AD3: Tue | AE3: Wed | AG3: Total Sick Leave Days
B4: 1 | C4: 2 | D4: 3 | E4: 4 | F4: 5 | G4: 6 | H4: 7 | I4: 8 | J4: 9 | K4: 10 | L4: 11 | M4: 12 | N4: 13 | O4: 14 | P4: 15 | Q4: 16 | R4: 17 | S4: 18 | T4: 19 | U4: 20 | V4: 21 | W4: 22 | X4: 23 | Y4: 24 | Z4: 25 | AA4: 26 | AB4: 27 | AC4: 28 | AD4: 29 | AE4: 30
A5: Team
A6: Ramanjneyulu P | AF6: =(COUNTIF(B6:AE6,"P")) -> 0 | AG6: =COUNTIF(B6:AF6,"P") -> 0 | AH6: =COUNTIF(B6:AF6,"S") -> 0
A7: Amit Arun Upwanshi | AF7: =(COUNTIF(B7:AE7,"P")) -> 0 | AG7: =(COUNTIF(B7:AE7,"S")) -> 0
A8: Rajesh G | AF8: =(COUNTIF(B8:AE8,"P")) -> 0 | AG8: =(COUNTIF(B8:AE8,"S")) -> 0
A9: Lukas | AF9: =(COUNTIF(B9:AE9,"P")) -> 0 | AG9: =(COUNTIF(B9:AE9,"S")) -> 0
A10: Ashrith P | B10: P | K10: P | AF10: =(COUNTIF(B10:AE10,"P")) -> 2 | AG10: =(COUNTIF(B10:AE10,"S")) -> 0
A11: Aishwarya Rajendra | AA11: S | AF11: =(COUNTIF(B11:AE11,"P")) -> 0 | AG11: =(COUNTIF(B11:AE11,"S")) -> 1
A12: Ashish Kumar Pradhan | AF12: =(COUNTIF(B12:AE12,"P")) -> 0 | AG12: =(COUNTIF(B12:AE12,"S")) -> 0
A13: Devanshi Minda | E13: P | F13: P | AF13: =(COUNTIF(B13:AE13,"P")) -> 2 | AG13: =(COUNTIF(B13:AE13,"S")) -> 0
A14: Harish Kumar Sampagi Rama | W14: S | AF14: =(COUNTIF(B14:AE14,"P")) -> 0 | AG14: =(COUNTIF(B14:AE14,"S")) -> 1
A15: Rameshmenan K | AF15: =(COUNTIF(B15:AE15,"P")) -> 0 | AG15: =(COUNTIF(B15:AE15,"S")) -> 0
A16: Syed Awes Hashmi | AD16: P | AE16: P | AF16: =(COUNTIF(B16:AE16,"P")) -> 2 | AG16: =(COUNTIF(B16:AE16,"S")) -> 0
A17: Viveknandan M | AF17: =(COUNTIF(B17:AE17,"P")) -> 0 | AG17: =(COUNTIF(B17:AE17,"S")) -> 0
A18: Yasmeen Khan | I18: S | Y18: S | AF18: =(COUNTIF(B18:AE18,"P")) -> 0 | AG18: =(COUNTIF(B18:AE18,"S")) -> 2
A20: Absence type | B20: Code
A23: Planned Leave | B23: P
A24: Sickness Leave | B24: S
A25: Holiday | B25: H

Sheet Oct-2026
A1: Leave Plan worksheet - October 2026
A3: CSI | B3: Thu | C3: Fri | D3: Sat | E3: Sun | F3: Mon | G3: Tue | H3: Wed | I3: Thu | J3: Fri | K3: Sat | L3: Sun | M3: Mon | N3: Tue | O3: Wed | P3: Thu | Q3: Fri | R3: Sat | S3: Sun | T3: Mon | U3: Tue | V3: Wed | W3: Thu | X3: Fri | Y3: Sat | Z3: Sun | AA3: Mon | AB3: Tue | AC3: Wed | AD3: Thu | AE3: Fri | AF3: Sat | AG3: Total Planned Leave Days | AH3: Total Sick Leave Days
B4: 1 | C4: 2 | D4: 3 | E4: 4 | F4: 5 | G4: 6 | H4: 7 | I4: 8 | J4: 9 | K4: 10 | L4: 11 | M4: 12 | N4: 13 | O4: 14 | P4: 15 | Q4: 16 | R4: 17 | S4: 18 | T4: 19 | U4: 20 | V4: 21 | W4: 22 | X4: 23 | Y4: 24 | Z4: 25 | AA4: 26 | AB4: 27 | AC4: 28 | AD4: 29 | AE4: 30 | AF4: 31
A5: Team
A6: Ramanjneyulu P | C6: H | D6: P | R6: P | U6: H | V6: P | AG6: =COUNTIF(B6:AF6,"P") -> 3 | AH6: =COUNTIF(B6:AF6,"S") -> 0
A7: Amit Arun Upwanshi | C7: H | D7: P | U7: H | V7: P | W7: P | AG7: =(COUNTIF(B7:AF7,"P")) -> 3 | AH7: =(COUNTIF(B7:AF7,"S")) -> 0
A8: Rajesh G | C8: H | D8: P | U8: H | V8: P | AG8: =(COUNTIF(B8:AF8,"P")) -> 2 | AH8: =(COUNTIF(B8:AF8,"S")) -> 0
A9: Ashrith P | C9: H | D9: P | U9: H | AG9: =(COUNTIF(B9:AF9,"P")) -> 1 | AH9: =(COUNTIF(B9:AF9,"S")) -> 0
A10: Aishwarya Rajendra | C10: H | D10: P | U10: H | AG10: =(COUNTIF(B10:AF10,"P")) -> 1 | AH10: =(COUNTIF(B10:AF10,"S")) -> 0
A11: Ashish Kumar Pradhan | C11: H | N11: S | U11: H | AG11: =(COUNTIF(B11:AF11,"P")) -> 0 | AH11: =(COUNTIF(B11:AF11,"S")) -> 1
A12: Devanshi Minda | B12: P | C12: H | U12: H | V12: P | AG12: =(COUNTIF(B12:AF12,"P")) -> 2 | AH12: =(COUNTIF(B12:AF12,"S")) -> 0
A13: Harish Kumar Sampagi Rama | C13: H | U13: H | V13: P | AG13: =(COUNTIF(B13:AF13,"P")) -> 1 | AH13: =(COUNTIF(B13:AF13,"S")) -> 0
A14: Rameshmenan K | C14: H | D14: P | U14: H | V14: P | Y14: P | AG14: =(COUNTIF(B14:AF14,"P")) -> 3 | AH14: =(COUNTIF(B14:AF14,"S")) -> 0
A15: Syed Awes Hashmi | B15: P | C15: H | D15: P | G15: P | H15: P | I15: P | J15: P | K15: P | N15: P | U15: H | AG15: =(COUNTIF(B15:AF15,"P")) -> 8 | AH15: =(COUNTIF(B15:AF15,"S")) -> 0
A16: Viveknandan M | C16: H | G16: P | U16: H | AG16: =(COUNTIF(B16:AF16,"P")) -> 1 | AH16: =(COUNTIF(B16:AF16,"S")) -> 0
A17: Yasmin Khan | C17: H | D17: p | U17: H | V17: p | W17: p | AG17: =(COUNTIF(B17:AF17,"P")) -> 3 | AH17: =(COUNTIF(B17:AF17,"S")) -> 0
A18: Mohith Sethia | C18: H | D18: P | Q18: P | R18: P | U18: H | V18: P | W18: P | AG18: =(COUNTIF(B18:AF18,"P")) -> 5 | AH18: =(COUNTIF(B18:AF18,"S")) -> 0
A19: Adarsha SA | C19: H | N19: S
AG20: =SUM(AG6:AG18) -> 33
A22: Absence type | B22: Code
A25: Planned Leave | B25: P
A26: Sickness Leave | B26: S
A27: Holiday | B27: H

Sheet Nov-2026
A1: Leave Plan worksheet - November 2026
A3: CSI | B3: Sun | C3: Mon | D3: Tue | E3: Wed | F3: Thu | G3: Fri | H3: Sat | I3: Sun | J3: Mon | K3: Tue | L3: Wed | M3: Thu | N3: Fri | O3: Sat | P3: Sun | Q3: Mon | R3: Tue | S3: Wed | T3: Thu | U3: Fri | V3: Sat | W3: Sun | X3: Mon | Y3: Tue | Z3: Wed | AA3: Thu | AB3: Fri | AC3: Sat | AD3: Sun | AE3: Mon | AG3: Total Sick Leave Days
B4: 1 | C4: 2 | D4: 3 | E4: 4 | F4: 5 | G4: 6 | H4: 7 | I4: 8 | J4: 9 | K4: 10 | L4: 11 | M4: 12 | N4: 13 | O4: 14 | P4: 15 | Q4: 16 | R4: 17 | S4: 18 | T4: 19 | U4: 20 | V4: 21 | W4: 22 | X4: 23 | Y4: 24 | Z4: 25 | AA4: 26 | AB4: 27 | AC4: 28 | AD4: 29 | AE4: 30
A5: Team
A6: Ramanjneyulu P | H6: P | K6: P | R6: P | S6: P | T6: P | U6: P | V6: P | AF6: =(COUNTIF(B6:AC6,"P")) -> 7 | AG6: =COUNTIF(B6:AF6,"P") -> 7 | AH6: =COUNTIF(B6:AF6,"S") -> 0
A7: Amit Arun Upwanshi | L7: P | AA7: P | AB7: p | AF7: =(COUNTIF(B7:AC7,"P")) -> 3 | AG7: =(COUNTIF(B7:AC7,"S")) -> 0
A8: Rajesh G | AB8: P | AC8: P | AF8: =(COUNTIF(B8:AC8,"P")) -> 2 | AG8: =(COUNTIF(B8:AC8,"S")) -> 0
A9: Ashrith P | Z9: P | AA9: P | AF9: =(COUNTIF(B9:AC9,"P")) -> 2 | AG9: =(COUNTIF(B9:AC9,"S")) -> 0
A10: Aishwarya Rajendra | AF10: =(COUNTIF(B10:AC10,"P")) -> 0 | AG10: =(COUNTIF(B10:AC10,"S")) -> 0
A11: Ashish Kumar Pradhan | AF11: =(COUNTIF(B11:AC11,"P")) -> 0 | AG11: =(COUNTIF(B11:AC11,"S")) -> 0
A12: Devanshi Minda | K12: P | L12: P | M12: P | N12: P | O12: P | AF12: =(COUNTIF(B12:AC12,"P")) -> 5 | AG12: =(COUNTIF(B12:AC12,"S")) -> 0
A13: Harish Kumar Sampagi Rama | D13: P | E13: P | F13: P | AF13: =(COUNTIF(B13:AC13,"P")) -> 3 | AG13: =(COUNTIF(B13:AC13,"S")) -> 0
A14: Rameshmenan K | AF14: =(COUNTIF(B14:AC14,"P")) -> 0 | AG14: =(COUNTIF(B14:AC14,"S")) -> 0
A15: Syed Awes Hashmi | AF15: =(COUNTIF(B15:AC15,"P")) -> 0 | AG15: =(COUNTIF(B15:AC15,"S")) -> 0
A16: Viveknandan M | AF16: =(COUNTIF(B16:AC16,"P")) -> 0 | AG16: =(COUNTIF(B16:AC16,"S")) -> 0
A17: Yasmin Khan | AF17: =(COUNTIF(B17:AC17,"P")) -> 0 | AG17: =(COUNTIF(B17:AC17,"S")) -> 0
A18: Mohith Sethia | AF18: =(COUNTIF(B18:AC18,"P")) -> 0 | AG18: =(COUNTIF(B18:AC18,"S")) -> 0
A19: Adarsha SA | AF19: =(COUNTIF(B19:AC19,"P")) -> 0 | AG19: =(COUNTIF(B19:AC19,"S")) -> 0
A24: Absence type | B24: Code
A27: Planned Leave | B27: P
A28: Sickness Leave | B28: S
A29: Holiday | B29: H

Sheet Dec-2026
A1: Leave Plan worksheet - December 2026
A3: CSI | B3: Tue | C3: Wed | D3: Thu | E3: Fri | F3: Sat | G3: Sun | H3: Mon | I3: Tue | J3: Wed | K3: Thu | L3: Fri | M3: Sat | N3: Sun | O3: Mon | P3: Tue | Q3: Wed | R3: Thu | S3: Fri | T3: Sat | U3: Sun | V3: Mon | W3: Tue | X3: Wed | Y3: Thu | Z3: Fri | AA3: Sat | AB3: Sun | AC3: Mon | AD3: Tue | AE3: Wed | AF3: Thu | AG3: Total Planned Leave Days | AH3: Total Sick Leave Days
B4: 1 | C4: 2 | D4: 3 | E4: 4 | F4: 5 | G4: 6 | H4: 7 | I4: 8 | J4: 9 | K4: 10 | L4: 11 | M4: 12 | N4: 13 | O4: 14 | P4: 15 | Q4: 16 | R4: 17 | S4: 18 | T4: 19 | U4: 20 | V4: 21 | W4: 22 | X4: 23 | Y4: 24 | Z4: 25 | AA4: 26 | AB4: 27 | AC4: 28 | AD4: 29 | AE4: 30 | AF4: 31
A5: Team
A6: Ramanjneyulu P | Z6: H | AG6: =COUNTIF(B6:AF6,"P") -> 0 | AH6: =COUNTIF(B6:AF6,"S") -> 0
A7: Amit Arun Upwanshi | E7: P | F7: P | Z7: H | AA7: P | AD7: P | AE7: P | AF7: P | AG7: =(COUNTIF(B7:AC7,"P")) -> 3 | AH7: =(COUNTIF(B7:AC7,"S")) -> 0
A8: Rajesh G | W8: P | X8: P | Y8: P | Z8: H | AA8: P | AD8: P | AE8: P | AG8: =(COUNTIF(B8:AE8,"P")) -> 6 | AH8: =(COUNTIF(B8:AC8,"S")) -> 0
A9: Lukas | Z9: H | AG9: =(COUNTIF(B9:AC9,"P")) -> 0 | AH9: =(COUNTIF(B9:AC9,"S")) -> 0
A10: Ashrith P | X10: P | Y10: P | Z10: H | AA10: P | AD10: P | AE10: P | AF10: P | AG10: =(COUNTIF(B10:AE10,"P")) -> 5 | AH10: =(COUNTIF(B10:AC10,"S")) -> 0
A11: Aishwarya Rajendra | Z11: H | AG11: =(COUNTIF(B11:AC11,"P")) -> 0 | AH11: =(COUNTIF(B11:AC11,"S")) -> 0
A12: Ashish Kumar Pradhan | Z12: H | AG12: =(COUNTIF(B12:AC12,"P")) -> 0 | AH12: =(COUNTIF(B12:AC12,"S")) -> 0
A13: Devanshi Minda | Z13: H | AG13: =(COUNTIF(B13:AC13,"P")) -> 0 | AH13: =(COUNTIF(B13:AC13,"S")) -> 0
A14: Harish Kumar Sampagi Rama | W14: P | X14: P | Y14: P | Z14: H | AA14: P | AD14: P | AE14: P | AG14: 7 | AH14: =(COUNTIF(B14:AC14,"S")) -> 0
A15: Rameshmenan K | Z15: H | AA15: P | AG15: =(COUNTIF(B15:AC15,"P")) -> 1 | AH15: =(COUNTIF(B15:AC15,"S")) -> 0
A16: Syed Awes Hashmi | Z16: H | AG16: =(COUNTIF(B16:AC16,"P")) -> 0 | AH16: =(COUNTIF(B16:AC16,"S")) -> 0
A17: Viveknandan M | Z17: H | AG17: =(COUNTIF(B17:AC17,"P")) -> 0 | AH17: =(COUNTIF(B17:AC17,"S")) -> 0
A18: Yasmin Khan | Z18: H | AG18: =(COUNTIF(B18:AC18,"P")) -> 0 | AH18: =(COUNTIF(B18:AC18,"S")) -> 0
A19: Mohith Sethia | I19: P | J19: P | K19: P | L19: P | M19: P | Z19: H | AA19: P | AG19: =(COUNTIF(B19:AC19,"P")) -> 6 | AH19: =(COUNTIF(B19:AC19,"S")) -> 0
A20: Adarsha SA | Z20: H | AG20: =(COUNTIF(B20:AC20,"P")) -> 0 | AH20: =(COUNTIF(B20:AC20,"S")) -> 0
A24: Absence type | B24: Code
A27: Planned Leave | B27: P
A28: Sickness Leave | B28: S
A29: Holiday | B29: H
